{"cameraMode":{"drawMode":0,"name":"Shaded","section":"Shading Mode"},"sceneLighting":true,"audioPlay":false,"sceneViewState":{"m_AlwaysRefresh":false,"showFog":true,"showSkybox":true,"showFlares":true,"showImageEffects":true,"showParticleSystems":true,"showVisualEffectGraphs":true,"m_FxEnabled":true},"in2DMode":false,"pivot":{"x":21.62193489074707,"y":1.2490582466125489,"z":18.954235076904298},"rotation":{"x":0.06900755316019058,"y":0.9256414175033569,"z":-0.30963850021362307,"w":0.20631429553031922},"size":1.261031150817871,"orthographic":false}